filename,5047133_mean,5388860_mean,5344878_mean,prediction,prob_MDD,age,gender,education,phq9,ctq,les,ssrs,gad7,psqi
20251026131854_a821ecfa_02010005_still.xlsx,4536625.939729898,4778846.192831038,4639431.625363441,MDD,0.9281926116079107,20.0,1.0,16.0,19.0,49.0,-3.0,28.0,11.0,5.0
