filename,4741631_mean,4751791_mean,4556558_mean,prediction,prob_MDD
02030020_still.xlsx,4211086.088729192,4018961.630906345,3877818.615956052,MDD,0.6666666666666666
