filename,1241864_mean,1860359_mean,1565168_mean,prediction,prob_MDD
02020025_still.xlsx,2388577.508932047,2381695.932875723,2621782.0486280015,HC,0.3231876110812229
