filename,4260416_mean,4490303_mean,4260506_mean,prediction,prob_MDD,age,gender,education,phq9,ctq,les,ssrs,gad7,psqi
20251030145638_ddc1530a_02030010_still.xlsx,4126183.927515066,4254318.882528055,4178800.365487321,MDD,0.7246455453358727,45.0,1.0,18.0,15.0,25.0,2.0,15.0,15.0,15.0
