filename,4731739_mean,4815316_mean,4727047_mean,prediction,prob_MDD,age,gender,education,phq9,ctq,les,ssrs,gad7,psqi
20251025180245_18ecb184_02010008_still.xlsx,4207069.216716857,4212771.532503706,4159028.289063279,MDD,0.9851849605172314,42.0,1.0,12.0,17.0,66.0,-71.0,44.0,18.0,13.0
