filename,5047133_mean,5388860_mean,5344878_mean,prediction,prob_MDD,age,gender,education,phq9,ctq,les,ssrs,gad7,psqi
02010005_still.xlsx,4536625.939729898,4778846.192831038,4639431.625363441,MDD,0.9281926116079107,20,1,16,19,49,-3,28,11,5
