filename,4297790_mean,4797719_mean,3754634_mean,prediction,prob_MDD,age,gender,education,phq9,ctq,les,ssrs,gad7,psqi
20251025161139_6b9d5bc8_02010001_still.xlsx,2805278.382231001,3170684.119851925,2044614.688939779,HC,0.3826821618245389,54.0,0.0,2.0,5.0,28.0,2.0,58.0,5.0,20.0
