filename,4458154_mean,3917976_mean,4769140_mean,prediction,prob_MDD,age,gender,education,phq9,ctq,les,ssrs,gad7,psqi
20251026131133_6241c6e4_02010025_still.xlsx,168983702.6468233,176972649.88931584,162686170.0429362,MDD,0.9853604822532527,28.0,1.0,12.0,20.0,48.0,-1.0,40.0,17.0,18.0
