filename,4001142_mean,4128863_mean,4001122_mean,prediction,prob_MDD,age,gender,education,phq9,ctq,les,ssrs,gad7,psqi
20251026135826_d1a866bc_02020011_still.xlsx,3276992.5684511606,3339385.6480920576,3281595.3656834867,HC,0.3309603486011624,30.0,0.0,16.0,5.0,42.0,-5.0,40.0,0.0,20.0
