filename,2286463_mean,2189118_mean,1888561_mean,prediction,prob_MDD
02010003_still.xlsx,1343902.4599135453,1196011.3280573585,1023709.4650041395,HC,0.0
