filename,5047133_mean,5388860_mean,5344878_mean,prediction,prob_MDD
02010005_still.xlsx,4536625.939729898,4778846.192831038,4639431.625363441,HC,0.43424426212333794
