filename,2749336_mean,2854366_mean,2773939_mean,prediction,prob_MDD
02010009_still.xlsx,2313682.83957757,2330761.9700883306,2228330.263896628,HC,0.3333333333333333
