filename,4691679_mean,4770101_mean,4677789_mean,prediction,prob_MDD,age,gender,education,phq9,ctq,les,ssrs,gad7,psqi
20251026133142_58d4ade8_02010006_still.xlsx,4238314.154073249,4263656.252846912,4151114.8096176363,MDD,0.8875713614273885,42.0,1.0,16.0,16.0,59.0,-30.0,40.0,12.0,9.0
