filename,4297790_mean,4797719_mean,3754634_mean,prediction,prob_MDD
02010001_still.xlsx,2805278.382231001,3170684.119851925,2044614.688939779,HC,0.3231834874176944
