filename,5722414_mean,6869039_mean,4620414_mean,prediction,prob_MDD,age,gender,education,phq9,ctq,les,ssrs,gad7,psqi
20251026132524_400110f9_02010038_still.xlsx,5785096.548292058,6835639.520831153,4763751.667557822,HC,0.04119920624649916,85.0,0.0,5.0,5.0,25.0,5.0,45.0,5.0,5.0
