filename,1453173_mean,1174762_mean,1177403_mean,prediction,prob_MDD,age,gender,education,phq9,ctq,les,ssrs,gad7,psqi
20251105105414_ff634b83_02010021_still.xlsx,977433.6355666465,880301.5003398401,901808.3029272216,MDD,0.958548139220136,45.0,0.0,16.0,20.0,39.0,-12.0,45.0,19.0,18.0
