filename,4731263_mean,4454523_mean,4012398_mean,prediction,prob_MDD,age,gender,education,phq9,ctq,les,ssrs,gad7,psqi
20251026133637_35a10e19_02010010_still.xlsx,4521385.884331326,4103106.88515009,3968461.9062748584,MDD,0.993718056670172,34.0,1.0,6.0,19.0,50.0,0.0,32.0,20.0,21.0
