filename,338243_mean,443683_mean,400407_mean,prediction,prob_MDD
02020016_still.xlsx,447688.3415657487,262290.7037431086,420608.8562623611,HC,0.21215250906535985
