filename,3612504_mean,3519911_mean,3532925_mean,prediction,prob_MDD,age,gender,education,phq9,ctq,les,ssrs,gad7,psqi
20251026130516_c1ac8812_02020022_still.xlsx,29543598.311157174,3602114.7875522394,3505384.65156183,MDD,0.6196684575916551,18.0,0.0,12.0,5.0,26.0,5.0,53.0,8.0,20.0
