filename,5976078_mean,5814859_mean,5990484_mean,prediction,prob_MDD
02020019_still.xlsx,4166134.037056919,4137936.0301081254,4104450.1898177145,MDD,0.6666666666666666
