filename,2414559_mean,2619715_mean,2705717_mean,prediction,prob_MDD,age,gender,education,phq9,ctq,les,ssrs,gad7,psqi
02030021_still.xlsx,1547368.4206630317,1510034.631727491,1737906.4402137143,HC,0.06351902318703279,26,0,16,0,39,0,55,0,2
