filename,4691679_mean,4770101_mean,4677789_mean,prediction,prob_MDD,age,gender,education,phq9,ctq,les,ssrs,gad7,psqi
02010006_still.xlsx,4238314.154073249,4263656.252846912,4151114.8096176363,MDD,0.8875713614273885,42,1,16,16,59,-30,40,12,9
