filename,5824443_mean,5804622_mean,5731526_mean,prediction,prob_MDD
02020027_still.xlsx,4518863.877280541,4418118.603665491,4309180.6769520305,MDD,0.6666666666666666
