{
  "MDD": {
    "age": {
      "count": 20,
      "mean": 29.5,
      "std": 10.585491560572299,
      "min": 16.0,
      "25%": 20.75,
      "50%": 27.5,
      "75%": 36.0,
      "max": 52.0
    },
    "gender": {
      "count": 20,
      "mean": 0.6,
      "std": 0.5026246899500346,
      "min": 0.0,
      "25%": 0.0,
      "50%": 1.0,
      "75%": 1.0,
      "max": 1.0
    },
    "education": {
      "count": 20,
      "mean": 13.6,
      "std": 3.5451968989932814,
      "min": 6.0,
      "25%": 12.0,
      "50%": 16.0,
      "75%": 16.0,
      "max": 19.0
    },
    "phq9": {
      "count": 20,
      "mean": 17.4,
      "std": 5.1646572210095725,
      "min": 5.0,
      "25%": 15.75,
      "50%": 18.5,
      "75%": 20.25,
      "max": 24.0
    },
    "ctq": {
      "count": 20,
      "mean": 51.65,
      "std": 13.095901327474463,
      "min": 38.0,
      "25%": 41.0,
      "50%": 48.0,
      "75%": 58.25,
      "max": 83.0
    },
    "les": {
      "count": 20,
      "mean": -38.45,
      "std": 57.828671635771606,
      "min": -173.0,
      "25%": -41.0,
      "50%": -13.0,
      "75%": -1.75,
      "max": 4.0
    },
    "ssrs": {
      "count": 20,
      "mean": 33.25,
      "std": 7.866484535506849,
      "min": 20.0,
      "25%": 28.0,
      "50%": 31.5,
      "75%": 40.0,
      "max": 48.0
    },
    "gad7": {
      "count": 20,
      "mean": 13.2,
      "std": 5.001052520798944,
      "min": 3.0,
      "25%": 10.0,
      "50%": 13.5,
      "75%": 18.0,
      "max": 20.0
    },
    "psqi": {
      "count": 20,
      "mean": 11.65,
      "std": 5.234249556627256,
      "min": 1.0,
      "25%": 8.5,
      "50%": 12.0,
      "75%": 15.25,
      "max": 21.0
    }
  },
  "HC": {
    "age": {
      "count": 20,
      "mean": 31.7,
      "std": 8.891746616651695,
      "min": 20.0,
      "25%": 23.0,
      "50%": 30.5,
      "75%": 40.0,
      "max": 51.0
    },
    "gender": {
      "count": 20,
      "mean": 0.55,
      "std": 0.5104177855340404,
      "min": 0.0,
      "25%": 0.0,
      "50%": 1.0,
      "75%": 1.0,
      "max": 1.0
    },
    "education": {
      "count": 20,
      "mean": 16.5,
      "std": 2.064741604835056,
      "min": 12.0,
      "25%": 16.0,
      "50%": 16.0,
      "75%": 19.0,
      "max": 19.0
    },
    "phq9": {
      "count": 20,
      "mean": 2.45,
      "std": 1.8771478925557028,
      "min": 0.0,
      "25%": 0.75,
      "50%": 3.0,
      "75%": 4.0,
      "max": 5.0
    },
    "ctq": {
      "count": 20,
      "mean": 40.15,
      "std": 5.677981479734723,
      "min": 33.0,
      "25%": 36.0,
      "50%": 39.0,
      "75%": 42.25,
      "max": 54.0
    },
    "les": {
      "count": 20,
      "mean": 10.6,
      "std": 35.02840952261764,
      "min": -17.0,
      "25%": -2.25,
      "50%": 0.0,
      "75%": 7.5,
      "max": 147.0
    },
    "ssrs": {
      "count": 20,
      "mean": 41.6,
      "std": 6.6995679357937545,
      "min": 24.0,
      "25%": 39.0,
      "50%": 41.0,
      "75%": 45.5,
      "max": 55.0
    },
    "gad7": {
      "count": 20,
      "mean": 1.8,
      "std": 2.067289096988207,
      "min": 0.0,
      "25%": 0.0,
      "50%": 1.0,
      "75%": 3.25,
      "max": 6.0
    },
    "psqi": {
      "count": 20,
      "mean": 3.25,
      "std": 2.2213082915965963,
      "min": 0.0,
      "25%": 1.75,
      "50%": 3.0,
      "75%": 5.25,
      "max": 7.0
    }
  },
  "All": {
    "age": {
      "count": 40,
      "mean": 30.6,
      "std": 9.71332682188332,
      "min": 16.0,
      "25%": 22.0,
      "50%": 28.5,
      "75%": 40.0,
      "max": 52.0
    },
    "gender": {
      "count": 40,
      "mean": 0.575,
      "std": 0.5006406152531231,
      "min": 0.0,
      "25%": 0.0,
      "50%": 1.0,
      "75%": 1.0,
      "max": 1.0
    },
    "education": {
      "count": 40,
      "mean": 15.05,
      "std": 3.2181377000386817,
      "min": 6.0,
      "25%": 12.0,
      "50%": 16.0,
      "75%": 16.0,
      "max": 19.0
    },
    "phq9": {
      "count": 40,
      "mean": 9.925,
      "std": 8.486452250196887,
      "min": 0.0,
      "25%": 3.0,
      "50%": 5.0,
      "75%": 18.25,
      "max": 24.0
    },
    "ctq": {
      "count": 40,
      "mean": 45.9,
      "std": 11.539897346563825,
      "min": 33.0,
      "25%": 39.0,
      "50%": 41.5,
      "75%": 50.0,
      "max": 83.0
    },
    "les": {
      "count": 40,
      "mean": -13.925,
      "std": 53.32791038134745,
      "min": -173.0,
      "25%": -16.25,
      "50%": -2.0,
      "75%": 0.25,
      "max": 147.0
    },
    "ssrs": {
      "count": 40,
      "mean": 37.425,
      "std": 8.360123603551964,
      "min": 20.0,
      "25%": 31.0,
      "50%": 39.5,
      "75%": 42.25,
      "max": 55.0
    },
    "gad7": {
      "count": 40,
      "mean": 7.5,
      "std": 6.89853198802061,
      "min": 0.0,
      "25%": 1.0,
      "50%": 5.5,
      "75%": 13.25,
      "max": 20.0
    },
    "psqi": {
      "count": 40,
      "mean": 7.45,
      "std": 5.817524365534686,
      "min": 0.0,
      "25%": 2.75,
      "50%": 6.0,
      "75%": 12.0,
      "max": 21.0
    }
  }
}